algoritmo,capacidade_memoria,threads,cores,threads_usados,qtd_sequencias,total_sequencias,size_arquivos,media_tamanho_sequencias,formato_arvore,tempo_execucao
clustalw,134743617536,24,16,3,42,1596,1549723,829.5219047619047,newick,98.5405505689996
clustalw,134743617536,24,16,7,14,532,485124,768.3121428571429,newick,19.487328276998596
clustalw,134743617536,24,16,24,26,988,964689,834.7673076923077,newick,20.760707559995353
clustalw,134743617536,24,16,24,47,1786,1718458,818.8410638297872,newick,36.078011578996666
clustalw,134743617536,24,16,24,45,1710,1680907,840.9382222222223,nexus,37.83399111998733
clustalw,134743617536,24,16,23,100,3800,3525695,786.4556,newick,78.51371153997025
clustalw,134743617536,24,16,22,11,418,400407,816.2490909090909,newick,12.17533001198899
clustalw,134743617536,24,16,21,37,1406,1307334,787.3740540540541,nexus,28.640283769986127
clustalw,134743617536,24,16,23,49,1862,1781307,815.4285714285714,nexus,38.89552380103851
clustalw,134743617536,24,16,20,36,1368,1262746,781.6194444444444,newick,35.12933443696238
clustalw,134743617536,24,16,9,31,1178,1125530,812.3870967741935,newick,56.245933839993086
clustalw,134743617536,24,16,8,25,950,909266,816.4436000000001,newick,30.493471586029045
clustalw,134743617536,24,16,2,100,3800,3624508,811.4003,newick,278.86718731198926
clustalw,134743617536,24,16,16,31,1178,1140134,825.1819354838709,nexus,25.704024331003893
clustalw,134743617536,24,16,24,31,1178,1140134,825.1819354838709,nexus,23.94630796095589
clustalw,134743617536,24,16,24,57,2166,2073905,815.418947368421,newick,50.93679822899867
clustalw,134743617536,24,16,24,56,2128,1975633,787.3821428571429,nexus,48.54033261095174
clustalw,134743617536,24,16,24,100,3800,3488781,776.5872,newick,79.12989543698495
clustalw,134743617536,24,16,23,86,3268,3064779,796.6923255813953,newick,62.902234116976615
clustalw,134743617536,24,16,23,58,2204,2061951,793.6987931034482,newick,41.8002892479999
clustalw,134743617536,24,16,23,78,2964,2863088,823.7065384615385,nexus,58.68247539398726
clustalw,134743617536,24,16,22,96,3648,3411955,792.8827083333334,newick,77.47746618499514
clustalw,134743617536,24,16,22,100,3800,3637980,815.1405,nexus,81.82304915098939
clustalw,134743617536,24,16,22,4,152,138405,773.3625,newick,12.542007612995803
clustalw,134743617536,24,16,19,61,2318,2242980,825.0786885245902,nexus,56.06743411900243
clustalw,134743617536,24,16,2,100,3800,3641114,815.9525,newick,372.86331929196604
clustalw,134743617536,24,16,19,81,3078,2865455,787.386913580247,newick,68.91507290699519
clustalw,134743617536,24,16,19,21,798,792731,851.5461904761905,nexus,24.38465213199379
clustalw,134743617536,24,16,2,5,190,178565,800.4219999999999,newick,37.628983384987805
clustalw,134743617536,24,16,18,58,2204,2097878,809.6662068965517,newick,58.91915925801732
clustalw,134743617536,24,16,18,59,2242,2032956,765.859152542373,newick,54.235326047986746
clustalw,134743617536,24,16,18,94,3572,3367608,802.6180851063831,newick,91.21312366001075
clustalw,134743617536,24,16,17,100,3800,3545412,791.0544,nexus,101.41365840495564
clustalw,134743617536,24,16,17,27,1026,955444,789.9159259259259,nexus,31.182793307991233
clustalw,134743617536,24,16,16,16,608,577556,807.32375,newick,19.16612134501338
clustalw,134743617536,24,16,3,2,76,82165,926.1949999999999,nexus,19.033358469954692
clustalw,134743617536,24,16,16,14,532,486880,773.4371428571429,nexus,22.08261062798556
clustalw,134743617536,24,16,16,3,114,115341,867.36,nexus,14.76168381399475
clustalw,134743617536,24,16,16,40,1520,1348841,747.8162500000001,newick,40.19275674200617
clustalw,134743617536,24,16,15,39,1482,1455387,840.1746153846154,nexus,60.154944239067845
clustalw,134743617536,24,16,14,43,1634,1556289,809.9776744186047,newick,56.08015451801475
clustalw,134743617536,24,16,13,100,3800,3556233,793.5432000000001,newick,132.10738108004443
clustalw,134743617536,24,16,13,43,1634,1561124,813.6390697674419,newick,58.52663365495391
clustalw,134743617536,24,16,13,34,1292,1258693,830.9088235294118,nexus,53.70512966893148
clustalw,134743617536,24,16,13,91,3458,3319734,817.1728571428571,nexus,127.98319733701646
clustalw,134743617536,24,16,13,86,3268,3151987,821.606976744186,newick,121.9527165479958
clustalw,134743617536,24,16,12,100,3800,3606688,807.8577,newick,131.12731906503905
clustalw,134743617536,24,16,12,21,798,748042,796.7609523809524,nexus,34.74206757196225
clustalw,134743617536,24,16,12,60,2280,2141657,796.8634999999999,nexus,83.55198139301501
clustalw,134743617536,24,16,12,41,1558,1480806,808.0131707317073,newick,67.72385533398483
clustalw,134743617536,24,16,12,100,3800,3610454,808.2531,nexus,140.4129799939692
clustalw,134743617536,24,16,12,64,2432,2301428,804.8640625,nexus,87.83541186398361
clustalw,134743617536,24,16,12,36,1368,1223497,752.4677777777778,newick,44.21368659299333
clustalw,134743617536,24,16,12,31,1178,1042298,743.8648387096774,nexus,45.15219164104201
clustalw,134743617536,24,16,11,16,608,551124,763.7875,newick,18.44891504093539
clustalw,134743613440,24,16,10,75,2850,2709767,808.1282666666667,nexus,101.14647229799994
clustalw,134743613440,24,16,9,2,76,82531,931.075,nexus,16.206590955000138
clustalw,134743613440,24,16,9,63,2394,2162669,762.8246031746031,nexus,82.96892603400192
clustalw,134743613440,24,16,6,16,608,591182,828.305625,nexus,37.919930214004125
clustalw,134743613440,24,16,9,36,1368,1230263,758.5891666666666,newick,55.55760940400069
clustalw,134743613440,24,16,9,69,2622,2470078,800.1763768115942,newick,104.74240770700271
clustalw,134743613440,24,16,8,37,1406,1323011,797.7924324324324,newick,71.34509894499934
clustalw,134743613440,24,16,8,50,1900,1757683,782.7128,nexus,76.78683237099904
clustalw,134743613440,24,16,7,22,836,734216,739.2936363636363,newick,44.99557764799829
clustalw,134743613440,24,16,7,5,190,168947,749.368,nexus,14.755238672994892
clustalw,134743613440,24,16,6,4,152,159764,907.645,nexus,15.684568308002781
clustalw,134743613440,24,16,7,19,722,684654,807.3568421052632,nexus,6398.025871457998
clustalw,134743613440,24,16,24,43,1634,1529549,793.1488372093023,newick,34.967506613000296
clustalw,134743613440,24,16,24,52,1976,1852699,794.8542307692308,nexus,45.669274009007495
clustalw,134743613440,24,16,24,56,2128,1942242,771.40125,nexus,46.49849792999157
clustalw,134743613440,24,16,24,100,3800,3643688,817.2053999999999,nexus,88.1131950699928
clustalw,134743613440,24,16,23,100,3800,3618824,810.788,newick,74.54947229099344
clustalw,134743613440,24,16,23,4,152,127056,697.7775,nexus,7.133827084006043
clustalw,134743613440,24,16,22,32,1216,1169914,818.3540625,nexus,28.038767670019297
clustalw,134743613440,24,16,21,9,342,322140,801.2222222222222,newick,12.172014621988637
clustalw,134743613440,24,16,21,8,304,325284,928.36,newick,16.56652082299115
clustalw,134743613440,24,16,21,42,1596,1504568,801.3590476190477,nexus,41.71193221400608
clustalw,134743613440,24,16,21,39,1482,1470833,850.2607692307691,nexus,36.257599778007716
clustalw,134743613440,24,16,20,68,2584,2430599,797.9636764705882,newick,59.50913249299629
clustalw,134743613440,24,16,20,11,418,391415,791.7763636363637,nexus,13.259207497991156
clustalw,134743613440,24,16,20,58,2204,2107301,813.9918965517242,newick,52.09351105900714
clustalw,134743613440,24,16,20,2,76,63918,693.975,newick,7.333035501011182
clustalw,134743613440,24,16,20,44,1672,1627961,830.8713636363638,nexus,40.33564072000445
clustalw,134743613440,24,16,20,33,1254,1170405,791.0933333333334,nexus,27.5544525180012
clustalw,134743613440,24,16,19,100,3800,3621506,810.2197,nexus,94.65319593800814
clustalw,134743613440,24,16,19,86,3268,3065220,795.8677906976744,newick,79.96901485399576
clustalw,134743572480,24,16,6,100,3800,3681301,825.815,newick,285.7312176219999
clustalw,134743617536,24,16,8,26,988,880579,750.4357692307692,newick,57.39717831499729
clustalw,134743617536,24,16,8,41,1558,1500666,818.8917073170732,newick,88.41367890100082
clustalw,134743617536,24,16,14,15,570,537092,801.6473333333334,nexus,23.18190171400056
clustalw,134743617536,24,16,14,12,456,447519,837.1541666666667,newick,21.808941070998117
clustalw,134743617536,24,16,14,26,988,871785,743.5692307692308,newick,30.3131089769995
clustalw,134743617536,24,16,14,100,3800,3629409,812.5147999999999,nexus,140.08183335599824
clustalw,134743617536,24,16,14,100,3800,3637047,814.0944000000001,newick,123.83995536200018
clustalw,134743617536,24,16,8,79,3002,2730951,769.4110126582278,nexus,101.31588969300356
clustalw,134743617536,24,16,12,6,228,206631,767.86,nexus,18.441454166997573
clustalw,134743617536,24,16,12,100,3800,3598997,804.5199,nexus,157.60100351000438
clustalw,134743617536,24,16,12,100,3800,3619921,810.2125,newick,154.9778810259886
clustalw,134743617536,24,16,12,100,3800,3586288,802.2371,nexus,147.0977017940022
clustalw,134743617536,24,16,11,22,836,859659,886.3127272727273,newick,40.32238553100615
clustalw,134743617536,24,16,11,1,38,33827,751.66,newick,11.210209388009389
clustalw,134743617536,24,16,10,6,228,208705,778.3416666666667,nexus,17.905291410002974
clustalw,134743617536,24,16,10,74,2812,2653829,802.3602702702702,newick,95.88319639199472
clustalw,134743617536,24,16,4,24,912,898957,841.2775,nexus,102.81382308100001
clustalw,134743617536,24,16,4,54,2052,2020773,842.5422222222222,newick,228.33409977299743
clustalw,134743617536,24,16,4,43,1634,1487694,770.2162790697676,nexus,162.34446954599116
clustalw,134743617536,24,16,7,36,1368,1225866,753.9841666666666,nexus,52.98096014400653
clustalw,134743609344,24,16,22,50,1900,1823429,816.7878,newick,35.25710039498517
clustalw,134743609344,24,16,22,50,1900,1817590,813.9396,newick,39.408651810023
clustalw,134743609344,24,16,22,4,152,144284,806.7825,newick,9.934742412006017
clustalw,134743609344,24,16,2,50,1900,1823429,816.7878,newick,245.0303650329588
clustalw,134743609344,24,16,19,37,1406,1318805,794.8735135135136,newick,32.25191228999756
clustalw,134743609344,24,16,8,50,1900,1806181,808.0698,newick,110.47330754896393
clustalw,134743609344,24,16,8,50,1900,1811664,810.0233999999999,newick,102.41957261797506
clustalw,134743609344,24,16,14,50,1900,1759718,785.362,newick,46.83224264997989
clustalw,134743609344,24,16,14,3,114,100613,742.77,nexus,5.986504141998012
clustalw,134743609344,24,16,14,50,1900,1787712,799.5448,newick,40.522496072982904
clustalw,134743609344,24,16,10,32,1216,1120601,781.3375,newick,36.7880505049834
clustalw,134743609344,24,16,10,50,1900,1788139,799.4714,nexus,66.69773028697819
clustalw,134743609344,24,16,10,50,1900,1719112,764.0498,nexus,57.88693606999004
clustalw,134743609344,24,16,10,50,1900,1791352,801.2819999999999,newick,59.91015782102477
clustalw,134743609344,24,16,13,26,988,968208,837.8369230769232,nexus,35.26526917202864
clustalw,134743609344,24,16,13,18,684,658039,819.5877777777778,newick,24.93043548904825
clustalw,134743617536,24,16,23,50,1900,1767947,789.2314,newick,81.43381835699984
clustalw,134743617536,24,16,23,50,1900,1883874,848.1325999999999,nexus,97.22077227899717
clustalw,134743617536,24,16,23,3,114,110766,834.2733333333334,nexus,17.02982062699448
clustalw,134743617536,24,16,1,50,1900,1767947,789.2314,newick,600.5024557500001
clustalw,134743617536,24,16,22,50,1900,1806939,808.5596,nexus,98.71266298599949
clustalw,134743617536,24,16,1,50,1900,1806939,808.5596,nexus,610.2410591809967
clustalw,134743617536,24,16,2,50,1900,1721789,764.9972,newick,230.55295617699448
clustalw,134743617536,24,16,3,1,38,32170,703.63,nexus,4.841929546993924
clustalw,134743617536,24,16,20,50,1900,1839907,824.8262,nexus,40.573542138998164
clustalw,134743617536,24,16,3,18,684,659938,823.3444444444444,nexus,49.46904416700272
clustalw,134743617536,24,16,20,50,1900,1871682,840.8086,nexus,42.462955481998506
clustalw,134743617536,24,16,20,50,1900,1832558,820.877,nexus,49.23053962899576
clustalw,134743617536,24,16,3,50,1900,1838730,824.8586,newick,162.84561252300045
clustalw,134743617536,24,16,4,39,1482,1453458,838.4820512820513,newick,152.76635243499913
clustalw,134743617536,24,16,4,7,266,272376,880.0514285714286,newick,40.861129701996106
clustalw,134743617536,24,16,4,50,1900,1795428,801.3631999999999,newick,184.16169458600052
clustalw,134743617536,24,16,4,50,1900,1761413,785.5932,newick,175.25500971099973
clustalw,134743617536,24,16,14,33,1254,1226377,835.5224242424243,nexus,45.64798500400502
clustalw,134743617536,24,16,12,50,1900,1868943,839.5355999999999,newick,69.77029071799188
clustalw,134743617536,24,16,12,28,1064,1029821,823.7153571428571,newick,38.213351536003756
clustalw,134743617536,24,16,10,31,1178,1109697,801.5483870967741,nexus,33.76341739099007
clustalw,134743617536,24,16,9,50,1900,1803197,805.803,nexus,46.30692579099559
clustalw,134743617536,24,16,9,21,798,778371,830.5642857142857,newick,24.567500000004657
clustalw,134743617536,24,16,9,50,1900,1832721,821.563,newick,48.326180610005395
clustalw,134743617536,24,16,9,18,684,630957,781.3277777777778,newick,20.770733393001137
clustalw,134743715840,24,16,15,96,3648,3522090,823.7464583333334,nexus,114.18455352600722
clustalw,134743715840,24,16,10,26,988,942147,810.4115384615385,nexus,31.02667306600779
clustalw,134743715840,24,16,15,100,3800,3532722,787.6267,nexus,78.5684936040052
clustalw,134743715840,24,16,5,100,3800,3603587,804.4816000000001,nexus,252.65174902099534
clustalw,134743715840,24,16,2,31,1178,1140134,825.1819354838709,nexus,92.48958510003285
clustalw,134743715840,24,16,24,56,2128,2094233,840.7380357142857,nexus,50.96571669797413
clustalw,134743715840,24,16,24,38,1444,1368208,803.0907894736843,newick,37.23637842905009
clustalw,134743715840,24,16,24,80,3040,2913940,816.720875,nexus,69.92423695401521
clustalw,134743715840,24,16,23,100,3800,3636527,815.2882000000001,nexus,79.03138074203162
clustalw,134743715840,24,16,23,100,3800,3549588,793.0039,newick,74.03634533897275
clustalw,134743715840,24,16,22,100,3800,3636042,814.9719,newick,80.82259179803077
clustalw,134743715840,24,16,22,99,3762,3477675,783.4355555555555,nexus,73.4888373670401
clustalw,134743715840,24,16,22,100,3800,3561386,795.6871000000001,newick,76.0222258050344
clustalw,134743715840,24,16,22,80,3040,2881046,805.44375,nexus,59.66685842600418
clustalw,134743715840,24,16,22,83,3154,2955086,794.6045783132529,newick,61.96375302603701
clustalw,134743715840,24,16,21,100,3800,3572905,798.1179,nexus,83.02851729199756
clustalw,134743715840,24,16,21,100,3800,3705973,833.4869,newick,89.32394168403698
clustalw,134743715840,24,16,21,34,1292,1243265,821.834705882353,newick,30.209772103000432
clustalw,134743715840,24,16,20,24,912,850902,792.5383333333333,nexus,23.44143594399793
clustalw,134743715840,24,16,20,3,114,88495,639.1666666666666,nexus,5.061528519028798
clustalw,134743715840,24,16,20,7,266,260517,834.3542857142858,nexus,9.435494778037537
clustalw,134743715840,24,16,20,18,684,638198,793.6411111111111,nexus,15.839593459037133
clustalw,134743715840,24,16,20,12,456,395341,725.4558333333333,newick,11.25545975600835
clustalw,134743715840,24,16,20,58,2204,2154141,833.0360344827585,nexus,51.189027815999
clustalw,134743715840,24,16,20,22,836,795829,810.9272727272728,nexus,22.194164521992207
clustalw,134743715840,24,16,20,19,722,745278,887.888947368421,nexus,22.276077250018716
clustalw,134743715840,24,16,20,13,494,414935,697.8238461538463,nexus,15.031214302987792
clustalw,134743715840,24,16,2,24,912,893205,836.4475000000001,nexus,72.61130257003242
clustalw,134743715840,24,16,2,24,912,869006,811.3583333333332,newick,146.40000453597168
clustalw,134743715840,24,16,19,16,608,564815,785.8175,nexus,14.913682449026965
clustalw,134743715840,24,16,18,78,2964,2772923,794.1544871794872,newick,70.11189813003875
clustalw,134743715840,24,16,18,100,3800,3626672,812.5682,newick,94.27548541501164
clustalw,134743715840,24,16,17,45,1710,1618114,804.8635555555555,nexus,44.99728123296518
clustalw,134743715840,24,16,17,100,3800,3637905,814.3299000000001,nexus,101.23466253501829
clustalw,134743715840,24,16,17,15,570,544357,813.7433333333333,nexus,18.153601708996575
clustalw,134743715840,24,16,17,12,456,458882,860.7983333333333,nexus,17.170773096964695
clustalw,134743715840,24,16,16,63,2394,2314737,825.9392063492063,nexus,73.94980399799533
clustalw,134743715840,24,16,16,19,722,680337,800.6147368421052,newick,23.102446116972715
clustalw,134743715840,24,16,16,51,1938,1802244,789.8000000000001,nexus,64.28003175498452
clustalw,134743715840,24,16,16,6,228,227154,853.8149999999999,newick,11.986650381993968
clustalw,134743715840,24,16,16,22,836,786343,797.6490909090909,nexus,29.73815236298833
clustalw,134743715840,24,16,15,100,3800,3610851,808.1228,nexus,123.19936112198047
clustalw,134743715840,24,16,15,32,1216,1219447,859.4059375,newick,49.37040132202674
clustalw,134743715840,24,16,14,100,3800,3532066,788.0769,nexus,114.84002041397616
clustalw,134743715840,24,16,14,100,3800,3565265,796.9396,newick,116.43999174109194
clustalw,134743715840,24,16,14,43,1634,1554723,809.5151162790698,nexus,51.84543906094041
clustalw,134743715840,24,16,14,5,190,199036,903.51,nexus,14.305776012013666
clustalw,134743715840,24,16,14,100,3800,3509834,782.9619,nexus,115.37759415793698
clustalw,134743715840,24,16,7,100,3800,3552356,793.3903999999999,nexus,153.94142321893014
clustalw,134743715840,24,16,7,39,1482,1419298,815.87,nexus,67.02131687290967
clustalw,134743715840,24,16,7,40,1520,1525987,860.9012500000001,newick,71.84976122004446
clustalw,134743715840,24,16,13,98,3724,3543310,809.7496938775511,newick,142.75374781305436
clustalw,134743715840,24,16,11,62,2356,2329743,847.1035483870968,newick,67.52992674708366
clustalw,134743715840,24,16,10,58,2204,2130575,823.5137931034483,newick,82.52065016003326
clustalw,134743715840,24,16,8,4,152,136571,759.5,nexus,11.760366401053034
clustalw,134743715840,24,16,8,12,456,402319,742.0391666666666,nexus,27.635754622984678
clustalw,134743715840,24,16,8,16,608,577439,804.6275,newick,45.3636149619706
clustalw,134743715840,24,16,7,90,3420,3193461,791.3117777777777,newick,198.87795120291412
clustalw,134743715840,24,16,7,33,1254,1218488,829.9039393939395,nexus,72.71301958803087
clustalw,134743715840,24,16,7,44,1672,1547389,784.3295454545455,nexus,95.49899277009536
clustalw,134743715840,24,16,7,61,2318,2224084,818.0403278688525,newick,128.82620591390878
clustalw,134743715840,24,16,7,38,1444,1449812,860.2318421052632,newick,95.36017635697499
clustalw,134743715840,24,16,24,64,2432,2311901,808.66640625,nexus,49.396938431076705
clustalw,134743715840,24,16,24,14,532,544665,880.2314285714285,newick,17.693039702018723
clustalw,134743715840,24,16,24,75,2850,2722959,812.6370666666667,newick,61.07671961700544
clustalw,134743715840,24,16,24,100,3800,3543633,791.1863000000001,nexus,76.96584852901287
clustalw,134743715840,24,16,24,20,760,754990,849.3185,newick,18.508744664955884
clustalw,134743715840,24,16,21,22,836,807223,826.2259090909091,nexus,22.66553458198905
clustalw,134743715840,24,16,21,17,646,647905,861.0476470588235,nexus,17.316327119013295
clustalw,134743715840,24,16,21,100,3800,3705688,831.3163000000001,newick,86.52883460698649
clustalw,134743715840,24,16,21,100,3800,3642681,815.9191999999999,nexus,87.17083888500929
clustalw,134743715840,24,16,20,14,532,502334,800.87,nexus,16.003958046087064
clustalw,134743715840,24,16,20,100,3800,3587501,802.1239,nexus,83.66410151298624
clustalw,134743715840,24,16,20,100,3800,3544520,792.3362,newick,81.32549287204165
clustalw,134743715840,24,16,20,15,570,534982,795.556,newick,17.446028714999557
clustalw,134743715840,24,16,20,1,38,44059,1014.84,newick,9.054341485956684
clustalw,134743715840,24,16,20,10,380,396100,890.7950000000001,newick,15.323282773024403
clustalw,134743715840,24,16,20,45,1710,1657303,826.6911111111111,nexus,43.30132007796783
clustalw,134743715840,24,16,20,100,3800,3634680,814.3764,newick,82.64824158593547
clustalw,134743715840,24,16,19,100,3800,3690993,828.9284,newick,94.04006277408917
clustalw,134743674880,24,16,6,17,646,620017,817.9476470588236,nexus,54.30739571799995
clustalw,134743674880,24,16,6,39,1482,1360045,775.8048717948718,nexus,96.91265258399994
clustalw,134743674880,24,16,6,30,1140,1115295,834.698,nexus,82.95721045300002
clustalw,134743674880,24,16,18,36,1368,1383281,868.1541666666667,nexus,37.486584448999565
clustalw,134743674880,24,16,18,100,3800,3652869,819.2774000000001,newick,83.38544339199962
clustalw,134743674880,24,16,18,100,3800,3645140,817.0421000000001,nexus,83.21701768000003
clustalw,134743724032,24,16,16,100,3800,3558761,794.7754,nexus,82.58888457100011
clustalw,134743724032,24,16,16,98,3724,3623559,829.4286734693877,newick,89.02217233800002
clustalw,134743724032,24,16,16,100,3800,3591663,802.4384,nexus,83.09131117499987
clustalw,134743724032,24,16,16,16,608,550579,765.3025,newick,16.867750633000014
clustalw,134743724032,24,16,16,31,1178,1114334,803.8761290322581,newick,43.85410799500096
clustalw,134743724032,24,16,16,51,1938,1858249,816.6249019607843,nexus,70.00104870500036
clustalw,134743724032,24,16,8,97,3686,3434129,789.7480412371134,nexus,192.59427893300017
clustalw,134743724032,24,16,15,100,3800,3568668,797.0414999999999,newick,122.39970306900068
clustalw,134743724032,24,16,15,100,3800,3619112,810.5769,nexus,122.55371475900029
clustalw,134743724032,24,16,15,74,2812,2754441,837.0116216216217,newick,92.92328306799755
clustalw,134743724032,24,16,14,100,3800,3595660,803.6403,nexus,132.36313562899886
clustalw,134743724032,24,16,14,19,722,723108,858.6368421052632,nexus,30.071230233999813
clustalw,134743724032,24,16,9,42,1596,1487530,791.0130952380953,newick,67.18584833700152
clustalw,134743724032,24,16,11,11,418,431116,887.34,newick,24.546413405994826
clustalw,134743724032,24,16,11,27,1026,978339,810.9018518518518,nexus,50.30199995099974
clustalw,134743724032,24,16,11,20,760,733140,823.232,newick,34.58790660399973
clustalw,134743724032,24,16,11,16,608,614823,869.314375,newick,34.188278847999754
clustalw,134743724032,24,16,11,9,342,330378,822.0933333333334,nexus,19.533917826003744
clustalw,134743724032,24,16,13,5,190,175278,781.014,nexus,13.196001024996804
clustalw,134743724032,24,16,12,26,988,905438,775.9346153846153,nexus,39.39734952800063
clustalw,134743724032,24,16,12,11,418,385540,779.05,newick,24.88526659800118
clustalw,134743724032,24,16,12,100,3800,3649164,816.8267999999999,newick,145.473586909
clustalw,134743724032,24,16,12,27,1026,974032,808.1488888888889,nexus,41.29637655199622
clustalw,134743724032,24,16,12,100,3800,3649161,818.0853,nexus,150.3318754360007
clustalw,134743724032,24,16,12,63,2394,2388476,854.9788888888888,newick,97.42915777500457
clustalw,134743724032,24,16,12,100,3800,3508368,782.6661,nexus,144.1275315390012
clustalw,134743724032,24,16,11,100,3800,3505287,781.1826,nexus,84.30478640200454
clustalw,134743724032,24,16,11,47,1786,1674063,796.2861702127659,nexus,38.90660397699685
clustalw,134743724032,24,16,3,100,3800,3606801,807.4891,newick,280.1281719739927
clustalw,134743724032,24,16,10,25,950,936056,842.1272,nexus,44.81902410800103
clustalw,134743724032,24,16,9,72,2736,2658833,830.2880555555555,nexus,120.34006281700567
clustalw,134743724032,24,16,9,27,1026,990860,823.582962962963,newick,50.48230141100066
clustalw,134743724032,24,16,7,7,266,238461,758.97,nexus,15.281087285009562
clustalw,134743724032,24,16,7,100,3800,3450512,766.9872,nexus,180.47681026600185
clustalw,134743724032,24,16,7,53,2014,1883617,793.3198113207546,nexus,101.63723588299763
clustalw,134743724032,24,16,7,29,1102,1029077,793.5803448275863,newick,51.718601188011235
clustalw,134743724032,24,16,7,25,950,917515,821.9332,nexus,49.033438870013924
clustalw,134743724032,24,16,4,40,1520,1426176,795.354,nexus,144.26176965801278
clustalw,134743695360,24,16,23,31,1178,1107490,800.3558064516129,newick,21.58179954002844
clustalw,134743695360,24,16,1,50,1900,1838313,824.2653999999999,newick,631.5867978340248
clustalw,134743695360,24,16,21,19,722,659356,773.2226315789474,nexus,14.011934779991861
clustalw,134743695360,24,16,21,25,950,924837,831.4284,newick,20.404633253987413
clustalw,134743695360,24,16,3,50,1900,1814446,812.029,nexus,173.83314121997682
clustalw,134743695360,24,16,3,50,1900,1821276,817.3192,nexus,223.30822675698437
clustalw,134743695360,24,16,3,6,228,186857,679.3883333333333,newick,25.840701314038597
clustalw,134743695360,24,16,2,24,912,872307,810.9829166666667,newick,166.981563732028
clustalw,134743695360,24,16,2,13,494,422981,717.9938461538461,nexus,76.10431914398214
clustalw,134743695360,24,16,20,6,228,218493,820.0716666666667,newick,8.339101237012073
clustalw,134743695360,24,16,17,50,1900,1807951,809.5618,newick,43.36019842297537
clustalw,134743695360,24,16,17,49,1862,1746109,796.2602040816327,newick,50.67632773902733
clustalw,134743695360,24,16,6,12,456,465855,879.3266666666667,nexus,47.595026203023735
clustalw,134743695360,24,16,16,50,1900,1822240,816.841,nexus,62.87174524902366
clustalw,134743695360,24,16,16,28,1064,1021556,818.0110714285714,newick,37.0105801949976
clustalw,134743695360,24,16,16,45,1710,1662259,831.0046666666666,nexus,55.0044732009992
clustalw,134743695360,24,16,15,50,1900,1765182,787.7017999999999,newick,62.05119892000221
clustalw,134743695360,24,16,11,50,1900,1718577,763.0147999999999,nexus,62.4810592920403
clustalw,134743695360,24,16,11,50,1900,1768706,789.0424,newick,69.53747484297492
clustalw,134743695360,24,16,11,50,1900,1752537,781.005,nexus,58.64729283604538
clustalw,134743695360,24,16,6,50,1900,1755298,783.7818,nexus,109.58321229997091
clustalw,134743695360,24,16,6,48,1824,1719548,800.3933333333333,nexus,118.25455457501812
clustalw,134743695360,24,16,6,50,1900,1883460,847.1538,nexus,128.01675130601507
clustalw,134743695360,24,16,6,26,988,922755,789.9546153846154,newick,73.53138723102165
clustalw,134743695360,24,16,22,50,1900,1737643,774.347,nexus,36.88522743800422
clustalw,134743695360,24,16,1,50,1900,1843536,826.1936000000001,newick,607.0880646110163
clustalw,134743695360,24,16,22,34,1292,1322514,879.3870588235294,newick,31.367807650007308
clustalw,134743695360,24,16,2,4,152,139041,774.5,newick,26.453043373010587
clustalw,134743695360,24,16,2,50,1900,1830005,820.0025999999999,newick,330.00802847300656
clustalw,134743695360,24,16,2,50,1900,1802218,806.6976,newick,287.4440104109817
clustalw,134743695360,24,16,2,5,190,179718,804.958,newick,36.05493690102594
clustalw,134743695360,24,16,18,9,342,293248,714.6855555555555,newick,9.157514071033802
clustalw,134743695360,24,16,6,9,342,293248,714.6855555555555,newick,10.360763311036862
clustalw,134743695360,24,16,18,50,1900,1799780,805.9632,newick,42.820119922980666
clustalw,134743695360,24,16,18,48,1824,1738690,812.8558333333334,newick,45.58258666499751
clustalw,134743695360,24,16,18,24,912,875784,817.1750000000001,nexus,21.727201843983494
clustalw,134743695360,24,16,18,37,1406,1259440,756.2259459459459,newick,32.7704924599966
clustalw,134743695360,24,16,16,50,1900,1813794,813.6003999999999,nexus,50.1079875860014
clustalw,134743695360,24,16,15,50,1900,1799727,805.2180000000001,nexus,56.351992057985626
clustalw,134743695360,24,16,15,34,1292,1273205,843.7352941176471,nexus,36.87370458000805
clustalw,134743695360,24,16,15,26,988,895862,765.2807692307692,nexus,26.177407361974474
clustalw,134743695360,24,16,15,50,1900,1759047,786.015,nexus,45.072385636973195
clustalw,134743695360,24,16,13,46,1748,1679414,818.0110869565218,nexus,61.24145197001053
clustalw,134743695360,24,16,5,46,1748,1679414,818.0110869565218,nexus,97.81838239199715
clustalw,134743695360,24,16,12,50,1900,1819213,814.5010000000001,nexus,54.41851385100745
clustalw,134743695360,24,16,6,50,1900,1714357,761.8524000000001,newick,80.27245383302215
clustalw,134743695360,24,16,6,11,418,417042,852.9518181818181,nexus,30.30653215997154
clustalw,134743695360,24,16,5,50,1900,1791203,802.2080000000001,newick,129.11973141197814
clustalw,134743781376,24,16,1,28,1064,1050378,845.0124999999999,newick,165.82038424200437
clustalw,134743781376,24,16,21,78,2964,2749219,786.0833333333334,nexus,56.98665307399642
clustalw,134743781376,24,16,2,65,2470,2351325,808.6350769230769,newick,304.5036184970086
clustalw,134743781376,24,16,24,2,76,62380,677.62,nexus,5.209656109000207
clustalw,134743781376,24,16,24,28,1064,969826,767.3621428571429,newick,17.661146415004623
clustalw,134743781376,24,16,23,33,1254,1160053,784.6939393939394,newick,31.797663350007497
clustalw,134743781376,24,16,23,100,3800,3617651,808.1196000000001,nexus,75.99691088900727
clustalw,134743781376,24,16,21,19,722,634464,739.2973684210526,newick,48.766371600999264
clustalw,134743781376,24,16,9,56,2128,1917864,758.7682142857142,newick,133.26833539399377
clustalw,134743781376,24,16,24,86,3268,3124223,813.2243023255813,newick,61.99581309501082
clustalw,134743781376,24,16,23,68,2584,2490216,821.1760294117647,nexus,50.50989699800266
clustalw,134743781376,24,16,21,76,2888,2713104,797.6853947368421,nexus,57.27780691703083
clustalw,134743781376,24,16,20,4,152,167866,956.9075,newick,61.909181877970695
clustalw,134743781376,24,16,6,6,228,218878,820.8633333333333,newick,13.46115083800396
clustalw,134743781376,24,16,8,33,1254,1119461,751.6381818181818,nexus,34.89696915994864
clustalw,134743781376,24,16,24,56,2128,2026650,810.6092857142858,nexus,39.57947872305522
clustalw,134743781376,24,16,8,31,1178,1140134,825.1819354838709,nexus,31.39541094697779
clustalw,134743781376,24,16,24,27,1026,1013266,845.8944444444445,newick,23.909970474021975
clustalw,134743781376,24,16,24,1,38,45078,1046.76,newick,8.883229013008531
clustalw,134743781376,24,16,24,26,988,889793,760.6642307692308,nexus,21.051522892026696
clustalw,134743781376,24,16,24,12,456,486647,921.915,nexus,15.26911244704388
clustalw,134743781376,24,16,23,52,1976,1938313,836.8198076923077,newick,38.5957129879971
clustalw,134743781376,24,16,23,97,3686,3443971,794.0315463917525,newick,67.92977326002438
clustalw,134743781376,24,16,23,88,3344,3205723,815.8839772727272,nexus,65.28569918702124
clustalw,134743781376,24,16,21,61,2318,2130620,779.4439344262296,newick,43.451670166046824
clustalw,134743781376,24,16,21,12,456,414005,765.9250000000001,nexus,13.51368855999317
clustalw,134743781376,24,16,21,9,342,360290,910.7088888888889,nexus,16.212872717005666
clustalw,134743781376,24,16,21,100,3800,3794172,854.9732,newick,82.52344830299262
clustalw,134743781376,24,16,21,46,1748,1631904,789.4680434782608,newick,34.281909051002
clustalw,134743781376,24,16,21,92,3496,3298698,801.875,newick,70.01735862903297
clustalw,134743781376,24,16,21,32,1216,1167513,818.92625,nexus,25.270812884962652
clustalw,134743781376,24,16,21,28,1064,978272,778.2746428571428,nexus,20.397694273036905
clustalw,134743781376,24,16,21,100,3800,3635314,814.6418000000001,newick,75.17505289503606
clustalw,134743781376,24,16,20,7,266,265562,852.7871428571428,nexus,11.547780319000594
clustalw,134743781376,24,16,20,52,1976,1864444,801.2619230769232,newick,43.10336718399776
clustalw,134743781376,24,16,19,100,3800,3668050,822.1416,nexus,87.40441517299041
clustalw,134743781376,24,16,19,100,3800,3607437,807.2836,nexus,90.63174380996497
clustalw,134743781376,24,16,19,100,3800,3660322,820.9364,newick,94.06152947404189
clustalw,134743781376,24,16,17,49,1862,1676324,759.138163265306,newick,49.62214039399987
clustalw,134743781376,24,16,17,100,3800,3505734,781.0977,nexus,106.54687808698509
clustalw,134743781376,24,16,17,100,3800,3606070,807.1572,nexus,115.42511894000927
clustalw,134743781376,24,16,17,11,418,403026,823.5618181818182,nexus,24.928385271981824
clustalw,134743781376,24,16,16,4,152,153484,868.06,nexus,15.774773744982667
clustalw,134743781376,24,16,16,54,2052,1902077,784.2453703703703,nexus,53.08841153600952
clustalw,134743781376,24,16,16,18,684,686465,863.125,nexus,25.984209307993297
clustalw,134743781376,24,16,15,58,2204,2023604,776.3387931034483,nexus,55.95769896398997
clustalw,134743781376,24,16,15,15,570,541671,804.7013333333333,nexus,18.826817581953947
clustalw,134743781376,24,16,15,100,3800,3596675,804.6407,nexus,100.26811460696626
clustalw,134743781376,24,16,15,99,3762,3751676,853.5468686868687,nexus,107.42024376196787
clustalw,134743781376,24,16,15,81,3078,2909988,802.9296296296296,nexus,84.70637082599569
clustalw,134743781376,24,16,15,100,3800,3609233,808.2565,newick,97.4600516280043
clustalw,134743781376,24,16,4,4,152,141601,791.2825,newick,18.683528135996312
clustalw,134743781376,24,16,14,19,722,674078,793.6647368421052,nexus,25.691786827053875
clustalw,134743781376,24,16,14,61,2318,2227068,818.6467213114754,nexus,74.36360753909685
clustalw,134743781376,24,16,14,100,3800,3667673,822.6605000000001,nexus,124.98862502200063
clustalw,134743781376,24,16,14,59,2242,2146138,813.9,newick,68.06968447589315
clustalw,134743781376,24,16,13,36,1368,1343619,837.9438888888889,newick,47.20799182599876
clustalw,134743781376,24,16,5,11,418,426446,871.9881818181819,newick,41.73519166605547
clustalw,134743781376,24,16,13,8,304,295958,833.07875,newick,16.893551795976236
clustalw,134743781376,24,16,13,33,1254,1129457,761.2824242424242,newick,36.099083794048056
clustalw,134743781376,24,16,13,9,342,332640,831.3977777777777,nexus,16.74754799704533
clustalw,134743781376,24,16,13,100,3800,3502321,781.34,newick,93.52796391199809
clustalw,134743781376,24,16,12,100,3800,3628210,811.9172,newick,136.22292184690014
clustalw,134743781376,24,16,12,26,988,956385,826.9853846153845,newick,40.239065777976066
clustalw,134743781376,24,16,11,100,3800,3675260,824.0189999999999,newick,151.94355652399827
clustalw,134743781376,24,16,4,28,1064,1056688,851.8932142857142,nexus,102.0064759219531
clustalw,134743613440,24,16,11,50,1900,1844657,827.6174000000001,nexus,43.23434319102671
clustalw,134743613440,24,16,23,10,380,385451,869.564,newick,13.95903215702856
clustalw,134743613440,24,16,1,20,760,712367,793.6255,nexus,188.07759872503811
clustalw,134743613440,24,16,23,50,1900,1796240,804.258,newick,35.19139944604831
clustalw,134743613440,24,16,22,26,988,906483,777.2934615384615,newick,18.56338244001381
clustalw,134743613440,24,16,21,26,988,960612,830.4265384615385,nexus,22.342861472978257
clustalw,134743613440,24,16,5,50,1900,1928314,871.6089999999999,newick,116.79842846101383
clustalw,134743613440,24,16,12,50,1900,1789524,799.3598,newick,51.678271990967914
clustalw,134743613440,24,16,11,7,266,241617,771.2985714285714,nexus,15.924675129004754
clustalw,134743613440,24,16,11,50,1900,1898138,857.5776,newick,79.34676599001978
clustalw,134743613440,24,16,11,50,1900,1863558,837.9822,nexus,81.31479594804114
clustalw,134743613440,24,16,11,50,1900,1708761,756.5956,nexus,66.4459601129638
clustalw,134743613440,24,16,22,50,1900,1832766,822.4939999999999,nexus,38.306181027001
clustalw,134743613440,24,16,17,46,1748,1620525,784.7349999999999,nexus,37.00234565199935
clustalw,134743613440,24,16,16,24,912,933273,879.0541666666667,newick,29.122873280008207
clustalw,134743613440,24,16,16,50,1900,1789864,800.3006,nexus,49.10724566499994
clustalw,134743613440,24,16,16,23,874,814768,791.4230434782609,nexus,22.514992703989265
clustalw,134743613440,24,16,11,30,1140,1109076,830.7006666666667,newick,34.61791795799218
clustalw,134743613440,24,16,7,22,836,813541,831.8036363636364,nexus,55.1636878040008
clustalw,134743613440,24,16,7,18,684,619021,766.5038888888889,nexus,35.55767643499712
clustalw,134743613440,24,16,7,46,1748,1705210,834.6206521739131,newick,104.29204725500313
clustalw,33185779712,16,8,1,30,1140,1064924,793.0963333333333,newick,408.1989075730089
clustalw,67422388224,24,12,9,50,1900,1856113,834.335,newick,373.2926537571475
clustalw,67422388224,24,12,15,50,1900,1856113,834.335,newick,373.4013220812194
clustalw,67422380032,24,12,15,50,1900,1856113,834.335,newick,323.4030315228738
clustalw,67422388224,24,12,14,24,912,962737,910.3325,nexus,270.83286583796144
clustalw,67422388224,24,12,10,24,912,962737,910.3325,nexus,275.5700866749976
clustalw,67422392320,24,12,14,50,1900,1794935,802.4602,nexus,342.5011225438211
clustalw,67422388224,24,12,14,50,1900,1794935,802.4602,nexus,350.7327351330314
clustalw,67422392320,24,12,10,50,1900,1794935,802.4602,nexus,349.73815508792177
clustalw,67422392320,24,12,14,39,1482,1432543,822.3484615384615,nexus,356.0750522699673
clustalw,67422380032,24,12,2,24,912,962737,910.3325,nexus,406.44686567410827
clustalw,67422392320,24,12,7,50,1900,1723025,765.8933999999999,nexus,308.7952832598239
clustalw,67422392320,24,12,2,39,1482,1432543,822.3484615384615,nexus,641.1428975369781
clustalw,67422392320,24,12,13,39,1482,1412408,812.4561538461538,nexus,219.04947578790598
clustalw,67422388224,24,12,12,32,1216,1117913,777.360625,nexus,229.820137985982
clustalw,67422388224,24,12,10,50,1900,1810698,810.7994,newick,309.4823955921456
clustalw,67422380032,24,12,1,50,1900,1856113,834.335,newick,1319.1738285778556
clustalw,67422392320,24,12,12,24,912,860807,802.80875,newick,144.42496178508736
clustalw,67422392320,24,12,1,50,1900,1856113,834.335,newick,1559.2015598709695
clustalw,67422380032,24,12,11,50,1900,1794895,802.7228,newick,284.4807006639894
clustalw,67422392320,24,12,12,50,1900,1780647,795.4522000000001,nexus,334.47383229993284
clustalw,67422392320,24,12,9,50,1900,1794895,802.7228,newick,293.86746355192736
clustalw,67422388224,24,12,2,50,1900,1810698,810.7994,newick,702.3385465361644
clustalw,67422388224,24,12,10,46,1748,1694404,825.6339130434783,newick,280.6824526481796
clustalw,67422380032,24,12,4,50,1900,1780647,795.4522000000001,nexus,462.51588144898415
clustalw,67422388224,24,12,10,46,1748,1694404,825.6339130434783,newick,253.69814726593904
clustalw,67422392320,24,12,3,27,1026,981225,814.1370370370371,nexus,209.96053413907066
clustalw,67422392320,24,12,14,42,1596,1489066,790.8938095238095,newick,236.97381263412535
clustalw,67422380032,24,12,14,50,1900,1749782,780.262,newick,238.29222636995837
clustalw,67422388224,24,12,14,50,1900,1749782,780.262,newick,263.65223737899214
clustalw,67422388224,24,12,10,50,1900,1749782,780.262,newick,339.7117301290855
clustalw,67422380032,24,12,3,50,1900,1749782,780.262,newick,450.9162839720957
clustalw,67422392320,24,12,13,13,494,462425,793.5892307692308,newick,82.4695296259597
clustalw,67422380032,24,12,13,13,494,462425,793.5892307692308,newick,92.64654767792672
clustalw,67422392320,24,12,13,50,1900,1786368,799.4626,nexus,255.11812434787862
clustalw,67422392320,24,12,11,50,1900,1786368,799.4626,nexus,260.6379213510081
clustalw,67422388224,24,12,13,41,1558,1537360,843.9468292682927,nexus,193.90205033798702
clustalw,67422392320,24,12,1,13,494,462425,793.5892307692308,newick,282.8818808880169
clustalw,67422380032,24,12,1,13,494,462425,793.5892307692308,newick,286.1224199309945
clustalw,67422392320,24,12,11,22,836,805461,819.4236363636363,newick,169.30808335007168
clustalw,67422388224,24,12,12,50,1900,1765845,786.7934,nexus,281.0599120021798
clustalw,67422388224,24,12,10,50,1900,1765845,786.7934,nexus,282.92108560120687
clustalw,67422392320,24,12,7,22,836,805461,819.4236363636363,newick,172.99697431595996
clustalw,67422392320,24,12,12,50,1900,1765845,786.7934,nexus,259.2203346111346
clustalw,67422388224,24,12,1,50,1900,1749782,780.262,newick,1077.9047240440268
clustalw,67422392320,24,12,7,19,722,687457,812.2794736842105,newick,130.51406644005328
clustalw,67422392320,24,12,7,14,532,539952,873.8964285714286,newick,159.15213994914666
clustalw,67422380032,24,12,6,14,532,539952,873.8964285714286,newick,160.20360794197768
clustalw,67422388224,24,12,7,19,722,687457,812.2794736842105,newick,199.84971069102176
clustalw,67422388224,24,12,6,19,722,687457,812.2794736842105,newick,201.0805381310638
clustalw,67422388224,24,12,3,14,532,539952,873.8964285714286,newick,247.93838746193796
clustalw,67422392320,24,12,4,14,532,539952,873.8964285714286,newick,195.73735055001453
clustalw,67422388224,24,12,2,14,532,539952,873.8964285714286,newick,242.75762608018704
clustalw,67422380032,24,12,4,50,1900,1821113,817.0028,newick,425.4440807979554
clustalw,67422392320,24,12,6,24,912,837675,776.6979166666666,newick,162.7317812971305
clustalw,67422392320,24,12,6,24,912,837675,776.6979166666666,newick,160.59203757112846
clustalw,67422380032,24,12,6,24,912,837675,776.6979166666666,newick,160.61494601285085
clustalw,67422388224,24,12,1,41,1558,1537360,843.9468292682927,nexus,1085.5399855950382
clustalw,67422388224,24,12,1,50,1900,1786368,799.4626,nexus,1235.089078168152
clustalw,67422392320,24,12,1,50,1900,1765845,786.7934,nexus,991.0500718909316
clustalw,67422392320,24,12,22,50,1900,1777683,794.789,nexus,171.47258132090792
clustalw,67422392320,24,12,22,10,380,354740,791.833,newick,153.18032436305657
clustalw,67422392320,24,12,2,50,1900,1777683,794.789,nexus,1706.3308816910721
clustalw,67422392320,24,12,20,50,1900,1773015,791.9091999999999,newick,194.81776219699532
clustalw,67422388224,24,12,20,50,1900,1773015,791.9091999999999,newick,199.62747319601476
clustalw,67422388224,24,12,4,37,1406,1274801,764.6343243243243,newick,242.7686493769288
clustalw,67422388224,24,12,3,50,1900,1822134,816.1946,newick,508.4069725498557
clustalw,67422392320,24,12,19,50,1900,1774413,790.9376,newick,231.03732519922778
clustalw,67422392320,24,12,18,50,1900,1836393,824.995,nexus,222.95017560198903
clustalw,67422392320,24,12,18,49,1862,1725490,784.5791836734693,newick,203.60666585620493
clustalw,67422392320,24,12,18,50,1900,1846777,828.1311999999999,nexus,232.33542478317395
clustalw,67422392320,24,12,18,18,684,646704,803.5594444444445,newick,90.67980354931206
clustalw,67422392320,24,12,18,5,190,167499,740.052,newick,37.093168176710606
clustalw,67422392320,24,12,16,50,1900,1822412,817.0424,nexus,202.67133199283853
clustalw,67422392320,24,12,16,46,1748,1619923,786.1047826086957,newick,183.27650464093313
clustalw,67422392320,24,12,8,50,1900,1824136,816.5164,nexus,332.8808009349741
clustalw,67422388224,24,12,15,4,152,149776,846.8675000000001,nexus,40.651276289951056
clustalw,67422380032,24,12,15,50,1900,1835263,823.4608000000001,nexus,248.46766039915383
clustalw,67422380032,24,12,15,1,38,29865,645.0,nexus,19.807256007101387
clustalw,67422380032,24,12,15,13,494,499933,870.1369230769232,newick,120.49923994997516
clustalw,67422380032,24,12,15,50,1900,1827176,821.2036,newick,238.8456749538891
clustalw,67422380032,24,12,14,50,1900,1886028,851.2032,nexus,267.4081844110042
clustalw,67422380032,24,12,14,29,1102,1007975,772.1096551724138,nexus,158.09106448292732
clustalw,67422380032,24,12,14,29,1102,960930,732.068275862069,nexus,130.31523589231074
clustalw,67422380032,24,12,14,24,912,863519,806.9358333333333,nexus,117.42535973526537
clustalw,67422380032,24,12,14,50,1900,1816821,815.4582,nexus,218.9905796307139
clustalw,67422380032,24,12,14,7,266,251608,804.1428571428571,nexus,55.427239570301026
clustalw,67422388224,24,12,13,31,1178,1105853,796.7587096774193,nexus,161.95375336613506
clustalw,67422388224,24,12,8,31,1178,1105853,796.7587096774193,nexus,175.4934968180023
clustalw,67422392320,24,12,13,18,684,645668,801.7005555555556,nexus,132.7931487611495
clustalw,67422392320,24,12,13,50,1900,1800603,805.2539999999999,nexus,231.54706773208454
clustalw,67422392320,24,12,13,50,1900,1758297,784.8836,newick,209.9535992932506
clustalw,67422380032,24,12,6,50,1900,1767733,788.573,newick,356.1052550347522
clustalw,67422380032,24,12,13,50,1900,1704811,756.1417999999999,newick,329.1711649168283
clustalw,67422380032,24,12,13,50,1900,1855838,833.295,nexus,389.87721752002835
clustalw,67422380032,24,12,6,50,1900,1867502,840.7497999999999,nexus,507.98275537090376
clustalw,67422388224,24,12,12,5,190,186403,833.51,newick,39.53744461480528
clustalw,67422392320,24,12,11,50,1900,1859436,837.1566,nexus,202.7713259961456
clustalw,67422392320,24,12,10,50,1900,1827495,820.7536,nexus,262.0187476291321
clustalw,67422392320,24,12,10,41,1558,1487905,813.06,newick,192.9402462481521
clustalw,67422392320,24,12,9,50,1900,1864275,837.7067999999999,nexus,273.2139005176723
clustalw,67422392320,24,12,9,50,1900,1863006,837.9241999999999,nexus,311.3677119547501
